user id,ip address,mac address,3599.68948577,8078.4097811,8.02146512379,45,customer info,client type,1376386551.22
user id,ip address,mac address,3994.43245447,3615.14049475,8.41589679894,46,customer info,client type,1376386552.22
user id,ip address,mac address,9874.85284202,5016.56312947,8.6816499448,74,customer info,client type,1376386553.22
user id,ip address,mac address,6193.07523052,5657.19623274,7.38443361478,105,customer info,client type,1376386554.22
user id,ip address,mac address,1922.40932094,9610.19671492,0.359066917321,72,customer info,client type,1376386555.22
user id,ip address,mac address,7076.32249232,1253.13386975,3.99430760078,132,customer info,client type,1376386556.22
user id,ip address,mac address,8289.71080118,4760.94953282,9.5461804676,102,customer info,client type,1376386557.23
user id,ip address,mac address,6514.91553468,4735.65395962,9.52824026316,16,customer info,client type,1376386558.23
user id,ip address,mac address,3022.32167992,7344.33961953,1.44832729415,124,customer info,client type,1376386559.23
user id,ip address,mac address,5343.03674101,2964.62016653,2.54837645314,73,customer info,client type,1376386560.23
user id,ip address,mac address,9281.79403913,3949.57283596,5.46767648444,40,customer info,client type,1376386560.36
user id,ip address,mac address,8266.75185549,3326.50250999,4.68789680482,129,customer info,client type,1376386560.46
user id,ip address,mac address,6695.84414995,3189.09195284,8.69519959068,77,customer info,client type,1376386561.47
user id,ip address,mac address,242.638572604,4137.59884681,4.75995527595,80,customer info,client type,1376386562.47
user id,ip address,mac address,5749.39408327,2047.14601823,0.884322419412,43,customer info,client type,1376386563.47
user id,ip address,mac address,6755.39376984,6400.92924957,6.44567133249,103,customer info,client type,1376386564.47
user id,ip address,mac address,7912.90224567,4344.59347769,9.39031173777,141,customer info,client type,1376386565.47
user id,ip address,mac address,3639.15670433,9697.15399734,8.76733456189,115,customer info,client type,1376386566.47
user id,ip address,mac address,3913.83487596,4696.96382243,5.97320832044,117,customer info,client type,1376386567.47
user id,ip address,mac address,4890.65756564,9146.49130388,7.31755603488,120,customer info,client type,1376386568.48
user id,ip address,mac address,2607.79721914,1437.71096325,2.87828533042,79,customer info,client type,1376386569.48
user id,ip address,mac address,9898.28663477,9142.87066267,2.10281476663,143,customer info,client type,1376386570.48
user id,ip address,mac address,7150.78002725,5666.68700535,6.33374003907,102,customer info,client type,1376386571.48
user id,ip address,mac address,5128.58180656,4644.39863986,7.98624223612,146,customer info,client type,1376386572.48
user id,ip address,mac address,6933.10284388,3995.80066881,9.68781220654,113,customer info,client type,1376386573.48
user id,ip address,mac address,8409.20469475,6215.84908222,9.2146108475,28,customer info,client type,1376386574.48
user id,ip address,mac address,5265.31997233,6387.44806536,9.65364589526,112,customer info,client type,1376386575.48
user id,ip address,mac address,3715.5312844,4471.05306133,3.59563548025,1,customer info,client type,1376386576.49
user id,ip address,mac address,5342.54745963,7114.90467264,0.00787947723633,64,customer info,client type,1376386577.49
user id,ip address,mac address,3097.72689359,8967.36001793,9.73536610486,4,customer info,client type,1376386578.49
user id,ip address,mac address,7503.41535659,6420.86928248,6.28617107761,64,customer info,client type,1376386579.49
user id,ip address,mac address,3022.51481301,9239.38243972,4.21351214266,93,customer info,client type,1376386580.49
user id,ip address,mac address,6559.80131532,1878.71264748,2.97933387286,119,customer info,client type,1376386581.49
user id,ip address,mac address,8897.6977933,5132.17520553,1.74652967137,127,customer info,client type,1376386582.49
user id,ip address,mac address,3491.33649325,9863.5491903,1.94178411795,70,customer info,client type,1376386583.49
user id,ip address,mac address,9461.78744626,6917.3952875,8.18690076528,75,customer info,client type,1376386584.5
user id,ip address,mac address,4155.6086759,7400.78923625,1.8647080608,78,customer info,client type,1376386585.5
user id,ip address,mac address,4142.49417339,3078.23758036,9.20781124179,61,customer info,client type,1376386586.5
user id,ip address,mac address,6267.12799274,7449.20985984,5.47611272023,120,customer info,client type,1376386587.5
user id,ip address,mac address,4809.59735955,4364.70528322,2.79820566886,136,customer info,client type,1376386588.5
user id,ip address,mac address,9335.88885577,7039.33703763,2.95377597157,135,customer info,client type,1376386589.5
user id,ip address,mac address,7263.56279684,3271.4989116,4.41156964154,58,customer info,client type,1376386590.5
user id,ip address,mac address,2074.84248832,5607.11733226,2.42748333468,79,customer info,client type,1376386591.51
user id,ip address,mac address,1719.30303249,7653.86020455,5.16535285375,144,customer info,client type,1376386592.51
user id,ip address,mac address,8909.99290267,5281.46457289,0.464364008561,138,customer info,client type,1376386593.51
user id,ip address,mac address,6286.98038611,3705.09027265,1.65811876291,125,customer info,client type,1376386594.51
user id,ip address,mac address,3112.33098267,9939.68675358,1.35375771205,76,customer info,client type,1376386595.51
user id,ip address,mac address,7509.099076,8869.92066226,9.95129314104,86,customer info,client type,1376386596.51
user id,ip address,mac address,3658.26101746,617.972244678,8.55964942622,90,customer info,client type,1376386597.51
user id,ip address,mac address,293.314208231,163.810115082,2.42700412145,15,customer info,client type,1376386598.51
user id,ip address,mac address,250.79246914,769.999026455,1.7760245129,125,customer info,client type,1376386599.52
user id,ip address,mac address,2634.04116757,1065.90228244,7.87519811022,82,customer info,client type,1376386600.52
user id,ip address,mac address,7593.51633147,845.659614745,2.55955528713,137,customer info,client type,1376386601.52
user id,ip address,mac address,6556.35318067,2871.1122386,5.16411897248,56,customer info,client type,1376386602.52
user id,ip address,mac address,3881.93803802,4694.14351458,9.8952527324,32,customer info,client type,1376386603.52
user id,ip address,mac address,6012.96618234,3167.88489566,1.76328359619,13,customer info,client type,1376386604.52
user id,ip address,mac address,7488.33533974,1178.53994616,0.057341087403,63,customer info,client type,1376386605.52
user id,ip address,mac address,8328.25307988,1940.90208244,9.1928719341,131,customer info,client type,1376386606.52
user id,ip address,mac address,950.027379296,2772.45059498,2.46611632264,80,customer info,client type,1376386607.53
user id,ip address,mac address,1534.31724822,5036.2532117,4.4285161924,117,customer info,client type,1376386608.53
user id,ip address,mac address,8728.25112223,4313.99550753,0.721613513733,13,customer info,client type,1376386609.53
user id,ip address,mac address,1457.46538314,7293.8244629,8.95216278095,115,customer info,client type,1376386610.53
user id,ip address,mac address,181.378443759,8193.43945604,0.470019672148,39,customer info,client type,1376386611.53
user id,ip address,mac address,3965.51071138,3843.15939106,9.81661814164,27,customer info,client type,1376386612.53
user id,ip address,mac address,4212.25310502,895.461508918,1.65071487066,3,customer info,client type,1376386613.53
user id,ip address,mac address,6146.15958579,7704.16051747,1.56101780554,17,customer info,client type,1376386614.54
user id,ip address,mac address,1582.49975814,6179.45779553,7.80860758173,109,customer info,client type,1376386615.54
user id,ip address,mac address,9389.99849926,1207.54691252,1.99291560151,147,customer info,client type,1376386616.54
user id,ip address,mac address,8191.60735455,5220.96665336,1.62585881188,6,customer info,client type,1376386617.54
user id,ip address,mac address,2019.7651659,5897.87311205,0.139238868319,103,customer info,client type,1376386618.54
user id,ip address,mac address,1580.06256498,2862.45195185,9.51866438977,99,customer info,client type,1376386619.54
user id,ip address,mac address,8209.85375939,5615.85870512,5.71100097046,39,customer info,client type,1376386620.54
user id,ip address,mac address,4126.54869992,8791.105074,7.65338587423,117,customer info,client type,1376386621.54
user id,ip address,mac address,9710.78544105,7469.03157573,1.51189078821,100,customer info,client type,1376386622.55
user id,ip address,mac address,8860.82414008,3147.60751442,8.06134042019,144,customer info,client type,1376386623.55
user id,ip address,mac address,5441.78658565,9984.66770146,8.48282262348,92,customer info,client type,1376386624.55
user id,ip address,mac address,5253.09621893,1810.23670997,9.81326754387,125,customer info,client type,1376386625.55
user id,ip address,mac address,752.880038261,4356.39459848,8.9458270707,62,customer info,client type,1376386626.55
user id,ip address,mac address,9776.46537969,7003.65170231,0.444934881255,122,customer info,client type,1376386627.55
user id,ip address,mac address,4679.59514838,7255.79342763,3.34614066176,141,customer info,client type,1376386628.55
user id,ip address,mac address,2292.73452746,3677.44316855,4.81070084011,102,customer info,client type,1376386629.55
user id,ip address,mac address,3593.87551927,8480.35046307,6.69609726167,4,customer info,client type,1376386630.55
user id,ip address,mac address,8233.25687144,6900.96835109,4.75911144369,59,customer info,client type,1376386631.56
user id,ip address,mac address,2411.07849529,1449.46288027,8.17530028939,19,customer info,client type,1376386632.56
user id,ip address,mac address,573.237252649,7095.42837051,1.14605103223,13,customer info,client type,1376386633.56
user id,ip address,mac address,1619.12079597,5637.49841498,3.63650505583,0,customer info,client type,1376386634.56
user id,ip address,mac address,5378.35722884,6366.5030918,8.17428360988,44,customer info,client type,1376386635.56
user id,ip address,mac address,3445.52760804,4253.42233259,6.83118954925,46,customer info,client type,1376386636.56
user id,ip address,mac address,207.7415274,6081.75713144,5.74288522383,129,customer info,client type,1376386637.56
user id,ip address,mac address,9055.04050209,9411.66912349,5.38829980659,72,customer info,client type,1376386638.56
user id,ip address,mac address,4226.1810112,8476.01519872,0.515355316997,61,customer info,client type,1376386639.57
user id,ip address,mac address,3290.91484239,8796.22836436,0.292732197133,4,customer info,client type,1376386640.57
user id,ip address,mac address,1792.73709197,7129.25901309,3.29481750813,70,customer info,client type,1376386641.57
user id,ip address,mac address,3253.04889411,460.053659512,6.5634422061,124,customer info,client type,1376386642.57
user id,ip address,mac address,9513.57804188,9985.24458892,4.81057455053,99,customer info,client type,1376386643.57
user id,ip address,mac address,6788.68985573,3284.32522826,0.888870468148,12,customer info,client type,1376386644.57
user id,ip address,mac address,7619.72934586,3726.34608254,1.43684217228,70,customer info,client type,1376386645.57
user id,ip address,mac address,6194.41399691,490.227071115,5.81315112339,82,customer info,client type,1376386646.58
user id,ip address,mac address,5062.96644373,5426.37271736,9.02428502853,125,customer info,client type,1376386647.58
user id,ip address,mac address,5593.64216744,6822.15985482,3.5015855938,53,customer info,client type,1376386648.58
user id,ip address,mac address,9680.91200302,2588.2301137,5.25650303337,8,customer info,client type,1376386649.58
user id,ip address,mac address,8266.21480958,7548.57830828,3.95492046049,131,customer info,client type,1376386650.58
user id,ip address,mac address,5273.9066047,1336.8889116,5.91742751448,108,customer info,client type,1376386651.58
user id,ip address,mac address,8367.15180187,4137.86060855,9.93230713441,122,customer info,client type,1376386652.58
user id,ip address,mac address,8554.55519961,5422.01770398,7.04224865305,72,customer info,client type,1376386653.59
user id,ip address,mac address,2074.3080718,3468.72503616,1.12416870295,78,customer info,client type,1376386654.59
user id,ip address,mac address,1084.65550989,7926.87245826,4.58220752919,81,customer info,client type,1376386655.59
user id,ip address,mac address,6865.67383004,1376.93549812,0.553991037673,100,customer info,client type,1376386656.59
user id,ip address,mac address,2287.54862963,9245.77703651,4.06974086931,66,customer info,client type,1376386657.59
user id,ip address,mac address,9069.91234413,5952.72994876,2.83600047588,86,customer info,client type,1376386658.59
user id,ip address,mac address,8088.76837761,1858.01568026,7.65489034704,98,customer info,client type,1376386659.59
user id,ip address,mac address,7243.18611022,8362.23238681,6.8891880561,115,customer info,client type,1376386660.59
user id,ip address,mac address,5307.01108435,5032.58681356,9.3972662439,24,customer info,client type,1376386661.6
user id,ip address,mac address,7206.28644428,3549.38867212,8.853782343,92,customer info,client type,1376386662.6
user id,ip address,mac address,9805.24644272,798.29413788,9.97575803815,47,customer info,client type,1376386663.6
user id,ip address,mac address,7595.94696349,869.628748272,2.00410114024,41,customer info,client type,1376386664.6
user id,ip address,mac address,2591.31271526,1501.93355033,1.65238534145,71,customer info,client type,1376386665.6
user id,ip address,mac address,5388.95622354,6407.95196627,3.17317929381,44,customer info,client type,1376386666.6
user id,ip address,mac address,5622.18128951,7283.08616129,5.89857080157,84,customer info,client type,1376386667.6
user id,ip address,mac address,3412.11862574,3407.36129639,2.69696855251,79,customer info,client type,1376386668.6
user id,ip address,mac address,32.903847649,6610.63485888,2.5336499333,88,customer info,client type,1376386669.61
user id,ip address,mac address,4308.03757213,11.8781977031,5.20122645591,10,customer info,client type,1376386670.61
user id,ip address,mac address,8858.15776593,4536.76639531,0.28167492711,87,customer info,client type,1376386671.61
user id,ip address,mac address,2039.66042687,6473.41307571,8.46490050218,10,customer info,client type,1376386672.61
user id,ip address,mac address,1302.9770201,1204.47334915,9.85917388227,110,customer info,client type,1376386673.61
user id,ip address,mac address,3652.6092036,6824.18866505,1.27160245026,6,customer info,client type,1376386674.61
user id,ip address,mac address,5303.90795133,7973.12902195,3.91558126869,26,customer info,client type,1376386675.61
user id,ip address,mac address,7271.79709788,9791.46713672,2.09276012853,72,customer info,client type,1376386676.61
user id,ip address,mac address,8500.8843396,5735.99683644,2.00930694677,88,customer info,client type,1376386677.62
user id,ip address,mac address,875.068742471,7278.12797108,8.93040829196,132,customer info,client type,1376386678.62
user id,ip address,mac address,1113.5292647,5514.60261224,9.24091701173,98,customer info,client type,1376386679.62
user id,ip address,mac address,8792.81615444,3860.03862544,8.65575322427,130,customer info,client type,1376386680.62
user id,ip address,mac address,3103.34948767,9515.37835929,8.32339791633,119,customer info,client type,1376386681.62
user id,ip address,mac address,2626.77931318,9421.13112424,0.27028884691,89,customer info,client type,1376386682.62
user id,ip address,mac address,4162.89387048,7328.04604893,8.84986571924,137,customer info,client type,1376386683.62
user id,ip address,mac address,6695.23271138,8601.02010061,5.72946306519,60,customer info,client type,1376386684.63
user id,ip address,mac address,5480.48141198,6884.94807117,6.8095298086,80,customer info,client type,1376386685.63
user id,ip address,mac address,8554.19416422,7343.32024495,5.56983099313,115,customer info,client type,1376386686.63
user id,ip address,mac address,7490.51342263,1929.20792774,0.314698437064,95,customer info,client type,1376386687.63
user id,ip address,mac address,141.793306459,7131.00577115,3.46352679474,18,customer info,client type,1376386688.63
user id,ip address,mac address,5892.53128966,8108.40805288,2.09850355766,135,customer info,client type,1376386689.63
user id,ip address,mac address,9765.65021219,4188.56848313,7.60235558477,106,customer info,client type,1376386690.63
user id,ip address,mac address,4320.23415254,3817.88962298,3.36318839007,144,customer info,client type,1376386691.63
user id,ip address,mac address,5368.76157624,2926.58424589,0.5434017611,132,customer info,client type,1376386692.64
user id,ip address,mac address,5406.48763922,6906.91359419,8.30411955155,127,customer info,client type,1376386693.64
user id,ip address,mac address,8147.28111807,5200.28716666,4.54293041408,6,customer info,client type,1376386694.64
user id,ip address,mac address,9188.13134374,8731.74211333,8.85682917811,101,customer info,client type,1376386695.64
user id,ip address,mac address,4882.25235603,7536.4133246,1.71113379365,32,customer info,client type,1376386696.64
user id,ip address,mac address,3199.59348072,3247.27568874,4.25511393316,137,customer info,client type,1376386697.64
user id,ip address,mac address,852.638452658,8374.72953496,0.934922557243,132,customer info,client type,1376386698.64
user id,ip address,mac address,110.501501328,2982.38773948,0.752075442684,13,customer info,client type,1376386699.65
user id,ip address,mac address,3621.78194644,4713.28194632,0.350746832133,72,customer info,client type,1376386700.65
user id,ip address,mac address,2085.51557016,6462.87294264,8.70094361728,17,customer info,client type,1376386701.65
user id,ip address,mac address,3391.69825851,3756.5107678,8.76141331982,149,customer info,client type,1376386702.65
user id,ip address,mac address,4180.81258271,8631.77573606,6.52283117815,131,customer info,client type,1376386703.65
user id,ip address,mac address,2865.98011402,7174.5492464,5.99668802036,150,customer info,client type,1376386704.65
user id,ip address,mac address,1859.34440695,6701.6680326,9.5219979093,98,customer info,client type,1376386705.65
user id,ip address,mac address,2030.71587586,9990.2259183,7.29795783372,87,customer info,client type,1376386706.65
user id,ip address,mac address,5251.6413414,9692.09406442,6.25617604071,85,customer info,client type,1376386707.66
user id,ip address,mac address,3931.65250298,6057.13012236,2.43063951512,52,customer info,client type,1376386708.66
user id,ip address,mac address,2064.94319767,1199.64155445,3.65019854306,71,customer info,client type,1376386709.66
user id,ip address,mac address,1341.19523506,7599.46116501,5.76028812197,95,customer info,client type,1376386710.66
user id,ip address,mac address,7900.64481463,6702.794829,6.60202986614,122,customer info,client type,1376386711.66
user id,ip address,mac address,7899.63730793,6856.56834478,8.18716156018,139,customer info,client type,1376386712.66
user id,ip address,mac address,8715.50279103,2940.10206567,9.21135856751,122,customer info,client type,1376386713.66
user id,ip address,mac address,5527.21583251,9446.11706327,7.10143254814,60,customer info,client type,1376386714.66
user id,ip address,mac address,9600.93884368,2249.63244577,6.83549197143,102,customer info,client type,1376386715.67
user id,ip address,mac address,3759.53772079,2954.18310208,4.50921080337,120,customer info,client type,1376386716.67
user id,ip address,mac address,8998.04678903,8505.89964567,9.52317581742,119,customer info,client type,1376386717.67
user id,ip address,mac address,232.660389107,9043.17835321,7.96641372997,83,customer info,client type,1376386718.67
user id,ip address,mac address,8105.72855789,5628.62948104,8.58479059456,126,customer info,client type,1376386719.67
user id,ip address,mac address,7475.045497,1647.72092325,0.982464233511,81,customer info,client type,1376386720.67
user id,ip address,mac address,1809.60177127,1237.35784957,7.02589681208,96,customer info,client type,1376386721.67
user id,ip address,mac address,2305.13177618,694.109650417,4.88908675469,105,customer info,client type,1376386722.68
user id,ip address,mac address,4585.71544702,4430.2182935,9.90817551725,28,customer info,client type,1376386723.68
user id,ip address,mac address,3963.52776084,3625.47474314,9.86551998382,42,customer info,client type,1376386724.68
user id,ip address,mac address,7634.79927348,4314.80591674,6.49689206471,39,customer info,client type,1376386725.68
user id,ip address,mac address,7328.78274698,7955.78058038,9.365806099,85,customer info,client type,1376386726.68
user id,ip address,mac address,3512.78751738,5428.57596338,4.52651669666,43,customer info,client type,1376386727.68
user id,ip address,mac address,4132.24915657,6043.84631372,4.46012318719,129,customer info,client type,1376386728.68
user id,ip address,mac address,6503.48711668,5904.03857008,1.80016304734,150,customer info,client type,1376386729.68
user id,ip address,mac address,553.705693455,1417.4548803,7.24458620256,146,customer info,client type,1376386730.69
user id,ip address,mac address,4855.18339163,7800.18206763,9.61456339542,124,customer info,client type,1376386731.69
user id,ip address,mac address,4176.72528363,6758.66510079,3.34879170643,107,customer info,client type,1376386732.69
user id,ip address,mac address,8923.91286236,7914.85656376,2.0851421728,87,customer info,client type,1376386733.69
user id,ip address,mac address,4677.81885438,5764.51117387,1.08280638945,126,customer info,client type,1376386734.69
user id,ip address,mac address,568.417475892,6106.13653622,0.849715281996,94,customer info,client type,1376386735.69
user id,ip address,mac address,4383.41661337,2519.18075407,4.43300724118,121,customer info,client type,1376386736.69
user id,ip address,mac address,55.8518816743,392.203564317,3.52580962054,104,customer info,client type,1376386737.7
user id,ip address,mac address,7888.31834229,5055.8406764,0.510233383804,55,customer info,client type,1376386738.7
user id,ip address,mac address,3407.05645267,2397.26652104,8.87415743322,106,customer info,client type,1376386739.7
user id,ip address,mac address,5414.42075056,483.413013604,0.986962319861,47,customer info,client type,1376386740.7
user id,ip address,mac address,5652.89030782,9118.98710152,7.7850499244,102,customer info,client type,1376386741.7
user id,ip address,mac address,1234.53413084,8132.34120495,7.17581153094,47,customer info,client type,1376386742.7
user id,ip address,mac address,9453.74979179,3988.60617667,8.48492517788,13,customer info,client type,1376386743.7
user id,ip address,mac address,1796.48642936,4909.95912034,5.636310252,149,customer info,client type,1376386744.7
user id,ip address,mac address,9166.91849777,2934.60040542,4.42551693125,49,customer info,client type,1376386745.71
user id,ip address,mac address,4258.06313536,9821.59910945,8.37844818095,48,customer info,client type,1376386746.71
user id,ip address,mac address,8914.43811607,9336.26591154,7.02848122078,44,customer info,client type,1376386747.71
user id,ip address,mac address,1413.9352719,1094.45048528,4.38423307876,137,customer info,client type,1376386748.71
user id,ip address,mac address,3611.47531551,4211.34501606,6.77285778872,85,customer info,client type,1376386749.71
user id,ip address,mac address,1578.8051861,2007.71135649,7.96549764298,89,customer info,client type,1376386750.71
user id,ip address,mac address,9407.28560641,7544.36628197,0.0672504922318,73,customer info,client type,1376386751.71
user id,ip address,mac address,8865.44683012,5582.68245575,1.13428022048,103,customer info,client type,1376386752.72
user id,ip address,mac address,3775.08720695,7685.02354102,1.14843889128,5,customer info,client type,1376386753.72
user id,ip address,mac address,2421.97499073,781.966309201,9.60071636802,69,customer info,client type,1376386754.72
user id,ip address,mac address,878.952867458,9419.71723444,4.79653157828,147,customer info,client type,1376386755.72
user id,ip address,mac address,7688.4599419,6490.91582828,8.01621533295,90,customer info,client type,1376386756.72
user id,ip address,mac address,9116.86509152,9311.48862407,2.14972292028,24,customer info,client type,1376386757.72
user id,ip address,mac address,2954.9373594,8219.35094333,9.27003664701,56,customer info,client type,1376386758.72
user id,ip address,mac address,2502.87998707,2966.62468804,9.30236589459,123,customer info,client type,1376386759.72
user id,ip address,mac address,5880.78896563,587.466914527,7.31355179686,48,customer info,client type,1376386760.73
user id,ip address,mac address,4240.64526232,4110.6567786,0.651918803543,44,customer info,client type,1376386761.73
user id,ip address,mac address,9310.7870504,2755.7861671,0.115597105719,119,customer info,client type,1376386762.73
user id,ip address,mac address,5674.51512927,2470.89901185,4.11070409094,34,customer info,client type,1376386763.73
user id,ip address,mac address,1145.06349598,2176.89140991,3.00629942397,65,customer info,client type,1376386764.73
user id,ip address,mac address,289.37803159,5994.31834454,4.36213250069,18,customer info,client type,1376386765.73
user id,ip address,mac address,301.001495916,3604.64434144,0.976164662961,96,customer info,client type,1376386766.73
user id,ip address,mac address,987.518010113,2789.1878754,9.67106545319,86,customer info,client type,1376386767.74
user id,ip address,mac address,2222.13333704,8127.99925535,6.53682433865,120,customer info,client type,1376386768.74
user id,ip address,mac address,5388.93250669,1554.19897301,5.73822839542,133,customer info,client type,1376386769.74
user id,ip address,mac address,5674.81675111,7481.04810604,2.07163941228,89,customer info,client type,1376386770.74
user id,ip address,mac address,7985.41205698,2785.58097632,9.80390369849,145,customer info,client type,1376386771.74
user id,ip address,mac address,4473.02201846,1675.75361602,0.707653825071,94,customer info,client type,1376386772.74
user id,ip address,mac address,2075.63393668,1061.88613609,4.35944931495,52,customer info,client type,1376386773.74
user id,ip address,mac address,7850.12071983,8122.75486545,6.04408758872,109,customer info,client type,1376386774.74
user id,ip address,mac address,9875.67382799,6166.36306276,4.48993241284,41,customer info,client type,1376386775.75
user id,ip address,mac address,9360.75082626,1081.62303067,3.00097714064,62,customer info,client type,1376386776.75
user id,ip address,mac address,1137.35916271,5709.08342247,6.61861916838,130,customer info,client type,1376386777.75
user id,ip address,mac address,3866.41957816,3771.0032797,4.55902657973,123,customer info,client type,1376386778.75
user id,ip address,mac address,2460.55978477,6835.5417225,0.185994241954,50,customer info,client type,1376386779.75
user id,ip address,mac address,6433.40194825,7743.38461394,7.96639870326,149,customer info,client type,1376386780.75
user id,ip address,mac address,4932.62165818,2023.25320351,6.39265995872,72,customer info,client type,1376386781.75
user id,ip address,mac address,3873.96270143,8726.64048573,6.17609695074,146,customer info,client type,1376386782.75
user id,ip address,mac address,1534.12564034,70.4325926373,0.591442929417,81,customer info,client type,1376386783.76
user id,ip address,mac address,4261.26913211,8423.20802189,9.37681518959,89,customer info,client type,1376386784.76
user id,ip address,mac address,4390.69290364,4711.37713607,0.655170592276,0,customer info,client type,1376386785.76
user id,ip address,mac address,983.74108005,4410.27542821,0.999872082705,16,customer info,client type,1376386786.76
user id,ip address,mac address,3991.5816007,3993.80189583,9.55735537342,39,customer info,client type,1376386787.76
user id,ip address,mac address,8960.86272945,4711.10186243,2.68267541475,51,customer info,client type,1376386788.76
user id,ip address,mac address,88.0767362739,3201.44858411,7.27107139373,44,customer info,client type,1376386789.76
user id,ip address,mac address,6996.5750259,1218.16264532,5.15455124121,79,customer info,client type,1376386790.77
user id,ip address,mac address,6197.13011191,5766.73835814,1.29070545828,135,customer info,client type,1376386791.77
user id,ip address,mac address,172.796624732,520.360639586,9.92470322874,110,customer info,client type,1376386792.77
user id,ip address,mac address,8238.60042739,7810.78757522,9.14908687193,108,customer info,client type,1376386793.77
user id,ip address,mac address,4043.54479466,4761.90736737,7.26706532331,97,customer info,client type,1376386794.77
user id,ip address,mac address,2798.55576848,9335.65280297,0.191692152141,101,customer info,client type,1376386795.77
user id,ip address,mac address,9580.63116498,8559.32912918,0.279731628127,108,customer info,client type,1376386796.77
user id,ip address,mac address,8048.18345611,3932.80247233,4.18683739255,93,customer info,client type,1376386797.77
user id,ip address,mac address,7081.97976817,2968.46973761,5.60016108441,112,customer info,client type,1376386798.77
user id,ip address,mac address,1883.64870329,8854.19411882,9.35456658292,77,customer info,client type,1376386799.78
user id,ip address,mac address,3690.76226614,1664.18968017,3.79853725471,102,customer info,client type,1376386800.78
user id,ip address,mac address,8437.55243996,9045.36763678,1.39756428596,102,customer info,client type,1376386801.78
user id,ip address,mac address,1728.21236926,6524.58806433,1.73328609977,98,customer info,client type,1376386802.78
user id,ip address,mac address,5523.1037542,6137.25882595,2.86752213713,149,customer info,client type,1376386803.78
user id,ip address,mac address,7624.63891039,8286.81861261,0.252393020602,69,customer info,client type,1376386804.78
user id,ip address,mac address,3569.28150932,1464.16492093,6.67622234732,37,customer info,client type,1376386805.78
user id,ip address,mac address,7438.01286707,651.728933757,7.7971055878,149,customer info,client type,1376386806.78
user id,ip address,mac address,8622.6294076,3010.65287222,6.72185021453,56,customer info,client type,1376386807.79
user id,ip address,mac address,8505.54090773,4010.55325604,6.94700496042,36,customer info,client type,1376386808.79
user id,ip address,mac address,9927.54371846,1107.76954328,2.67383250285,149,customer info,client type,1376386809.79
user id,ip address,mac address,126.049767689,8342.53510742,6.9313051192,5,customer info,client type,1376386810.79
user id,ip address,mac address,3353.08487821,4376.76588163,4.11023956966,40,customer info,client type,1376386811.79
user id,ip address,mac address,8144.08720341,8343.16848437,3.91999852385,54,customer info,client type,1376386812.79
user id,ip address,mac address,9157.18114925,4243.21006123,4.19831897979,57,customer info,client type,1376386813.79
user id,ip address,mac address,695.510357664,5272.30986131,8.84874304362,27,customer info,client type,1376386814.79
user id,ip address,mac address,3792.49794306,4105.00933275,7.52810022977,4,customer info,client type,1376386815.8
user id,ip address,mac address,8191.98909496,9659.24509756,1.02452440596,66,customer info,client type,1376386816.8
user id,ip address,mac address,5653.87735965,4408.90380404,0.10082890801,77,customer info,client type,1376386817.8
user id,ip address,mac address,1709.69129487,8313.44661544,5.84455103086,80,customer info,client type,1376386818.8
user id,ip address,mac address,1135.08210581,337.964659804,1.66518340864,112,customer info,client type,1376386819.8
user id,ip address,mac address,3510.0659196,9414.10033023,8.08380261813,122,customer info,client type,1376386820.8
user id,ip address,mac address,5486.34997396,8426.34602921,0.854827504292,115,customer info,client type,1376386821.8
user id,ip address,mac address,8906.51934814,1625.63616208,9.53256815199,19,customer info,client type,1376386822.8
user id,ip address,mac address,8212.06204764,831.839131327,0.556869615083,87,customer info,client type,1376386823.8
user id,ip address,mac address,5776.69269322,9663.86794736,1.69284837545,134,customer info,client type,1376386824.81
user id,ip address,mac address,5387.64918388,8113.90966705,0.3416114828,92,customer info,client type,1376386825.81
user id,ip address,mac address,4025.30412999,9011.55796605,9.93352474365,138,customer info,client type,1376386826.81
user id,ip address,mac address,7916.26342978,5514.62745402,4.26822368569,145,customer info,client type,1376386827.81
user id,ip address,mac address,4617.80135529,3408.90522746,4.59054216659,57,customer info,client type,1376386828.81
user id,ip address,mac address,627.480799983,662.453071156,2.79473744905,12,customer info,client type,1376386829.81
user id,ip address,mac address,691.258206062,900.137475398,2.49260772198,117,customer info,client type,1376386830.81
user id,ip address,mac address,5500.57441815,6666.3672857,7.98815734005,12,customer info,client type,1376386831.81
user id,ip address,mac address,1468.94148882,3048.6063004,3.33603069831,22,customer info,client type,1376386832.82
user id,ip address,mac address,7304.58327649,3205.08548982,8.75848986475,15,customer info,client type,1376386833.82
user id,ip address,mac address,7261.56545118,3587.78808904,7.84142486686,55,customer info,client type,1376386834.82
user id,ip address,mac address,9303.96727937,3542.57252361,6.60230349781,101,customer info,client type,1376386835.82
user id,ip address,mac address,3538.81105852,5477.16034267,9.62444459793,93,customer info,client type,1376386836.82
user id,ip address,mac address,2770.79340907,2639.07498388,6.39655780494,62,customer info,client type,1376386837.82
user id,ip address,mac address,9432.64158754,5031.44483081,7.47373652498,9,customer info,client type,1376386838.82
user id,ip address,mac address,828.238943476,2250.44608514,2.44464768021,10,customer info,client type,1376386839.83
user id,ip address,mac address,8280.60141179,7121.94937333,2.46605705426,6,customer info,client type,1376386840.83
user id,ip address,mac address,6905.51209569,3433.08967209,7.99396708172,61,customer info,client type,1376386841.83
user id,ip address,mac address,672.135476861,553.077985084,6.00420725189,49,customer info,client type,1376386842.83
user id,ip address,mac address,2124.53516313,199.794404065,0.734929567612,73,customer info,client type,1376386843.83
user id,ip address,mac address,5987.78102929,1873.258392,4.02248510207,91,customer info,client type,1376386844.83
user id,ip address,mac address,4390.93111392,3965.0276968,3.91925956876,5,customer info,client type,1376386845.83
user id,ip address,mac address,9728.63998952,8062.50500308,8.11665745534,104,customer info,client type,1376386846.83
user id,ip address,mac address,770.219598096,7626.89871892,5.33588970274,21,customer info,client type,1376386847.83
user id,ip address,mac address,1417.01888333,3879.7473953,8.58510140206,134,customer info,client type,1376386848.84
user id,ip address,mac address,6914.10031165,9128.98121934,9.43286832993,95,customer info,client type,1376386849.84
user id,ip address,mac address,6726.28248788,2498.6286324,4.08595670739,93,customer info,client type,1376386850.84
user id,ip address,mac address,5487.96234976,1011.42152883,4.43537435419,41,customer info,client type,1376386851.84
user id,ip address,mac address,3719.56080317,4856.12785586,0.154331557123,3,customer info,client type,1376386852.84
user id,ip address,mac address,1514.39309731,3891.26267434,3.25119639415,117,customer info,client type,1376386853.84
user id,ip address,mac address,4138.64595476,2612.21156286,3.35979560271,112,customer info,client type,1376386854.84
user id,ip address,mac address,7484.56995821,7456.29489158,2.95963042614,95,customer info,client type,1376386855.84
user id,ip address,mac address,582.935189581,6411.21962738,1.82566089721,109,customer info,client type,1376386856.85
user id,ip address,mac address,8915.92645836,2775.94899914,4.36569705719,81,customer info,client type,1376386857.85
user id,ip address,mac address,3782.00857601,1152.01706052,9.9295262627,42,customer info,client type,1376386858.85
user id,ip address,mac address,4711.24112052,2461.87411277,2.44758812713,77,customer info,client type,1376386859.85
user id,ip address,mac address,7129.71928923,2278.23026275,7.15529179893,145,customer info,client type,1376386860.85
user id,ip address,mac address,832.029964936,3836.60864579,2.3366126524,60,customer info,client type,1376386861.85
user id,ip address,mac address,4254.99514671,1325.21186432,6.17798344965,46,customer info,client type,1376386862.85
user id,ip address,mac address,3947.68113265,7555.78325452,7.15230797001,124,customer info,client type,1376386863.85
user id,ip address,mac address,2996.39264981,792.068860522,6.749083079,24,customer info,client type,1376386864.86
user id,ip address,mac address,7723.80898385,2679.41217733,1.01010439147,44,customer info,client type,1376386865.86
user id,ip address,mac address,2011.80120228,7970.13481079,7.68628653997,61,customer info,client type,1376386866.86
user id,ip address,mac address,3163.81483198,7942.83255436,7.45332989337,8,customer info,client type,1376386867.86
user id,ip address,mac address,7777.7557479,4150.9746094,6.9386490909,142,customer info,client type,1376386868.86
user id,ip address,mac address,5454.70194939,4881.94803644,3.96712399248,39,customer info,client type,1376386869.86
user id,ip address,mac address,6070.9869032,7862.91511714,1.48104461358,17,customer info,client type,1376386870.86
user id,ip address,mac address,9965.83582145,8527.21667958,2.27554575532,36,customer info,client type,1376386871.86
user id,ip address,mac address,269.356004165,4104.09457441,9.33434891771,141,customer info,client type,1376386872.86
user id,ip address,mac address,6390.64226226,2129.29261233,3.03342044429,33,customer info,client type,1376386873.87
user id,ip address,mac address,6654.79431384,9201.68513828,0.19955878296,111,customer info,client type,1376386874.87
user id,ip address,mac address,8156.94484509,3666.262772,7.39440571147,5,customer info,client type,1376386875.87
user id,ip address,mac address,9849.77492307,213.966125578,1.70691541149,131,customer info,client type,1376386876.87
user id,ip address,mac address,8595.43830049,6895.01387274,4.7047111208,41,customer info,client type,1376386877.87
user id,ip address,mac address,6372.1480086,7838.32507742,7.51799440119,127,customer info,client type,1376386878.87
user id,ip address,mac address,3296.54176044,4935.74902861,6.07957481717,54,customer info,client type,1376386879.87
user id,ip address,mac address,414.905802294,7627.82715891,8.05399907164,32,customer info,client type,1376386880.88
user id,ip address,mac address,4037.13496121,2647.4042798,8.37325039408,91,customer info,client type,1376386881.88
user id,ip address,mac address,5831.64603617,2953.50846559,1.4814915066,144,customer info,client type,1376386882.88
user id,ip address,mac address,3033.10630221,5921.13297759,9.19108533771,4,customer info,client type,1376386883.88
user id,ip address,mac address,4501.78444905,1511.47643901,6.4504852192,9,customer info,client type,1376386884.88
user id,ip address,mac address,1097.87641385,3837.94544147,4.28093542414,134,customer info,client type,1376386885.88
user id,ip address,mac address,1248.35557695,4414.30336491,3.42436455624,69,customer info,client type,1376386886.88
user id,ip address,mac address,7386.00109207,7355.26338222,3.38571477309,90,customer info,client type,1376386887.88
user id,ip address,mac address,3589.91944029,8850.90725097,6.63223574857,11,customer info,client type,1376386888.88
user id,ip address,mac address,4953.28819309,9818.15700842,4.97666992964,112,customer info,client type,1376386889.89
user id,ip address,mac address,3608.86910579,194.714682422,8.97104448144,52,customer info,client type,1376386890.89
user id,ip address,mac address,8498.48619091,6401.85777901,5.62333671207,81,customer info,client type,1376386891.89
user id,ip address,mac address,3940.61653984,115.091908347,5.87261173458,81,customer info,client type,1376386892.89
user id,ip address,mac address,9990.39459584,8220.45708634,8.46861669222,38,customer info,client type,1376386893.89
user id,ip address,mac address,1134.47925538,1249.12840575,6.68454980765,43,customer info,client type,1376386894.89
user id,ip address,mac address,6033.40609287,5897.78017233,8.40358186882,8,customer info,client type,1376386895.89
user id,ip address,mac address,9616.79349036,2245.67764528,8.33142525633,43,customer info,client type,1376386896.9
user id,ip address,mac address,1870.4752657,4936.08656285,6.68932981549,8,customer info,client type,1376386897.9
user id,ip address,mac address,700.613507327,339.861782494,3.48031186708,139,customer info,client type,1376386898.9
user id,ip address,mac address,8723.00508222,855.022317129,1.77115511706,44,customer info,client type,1376386899.9
user id,ip address,mac address,3917.78978287,9932.76178984,6.46826639948,110,customer info,client type,1376386900.9
user id,ip address,mac address,6812.79841384,4272.93060352,2.0928512658,143,customer info,client type,1376386901.9
user id,ip address,mac address,1829.48376715,7499.3013604,4.63171998765,141,customer info,client type,1376386902.9
user id,ip address,mac address,2154.55126071,769.844244065,9.63291399909,128,customer info,client type,1376386903.9
user id,ip address,mac address,6524.47909628,2057.65792652,4.91684297349,120,customer info,client type,1376386904.9
user id,ip address,mac address,5426.14713475,2782.17305081,2.72649598823,86,customer info,client type,1376386905.91
user id,ip address,mac address,5602.36124107,6182.55758903,0.879692474216,57,customer info,client type,1376386906.91
user id,ip address,mac address,8149.37080082,5004.31731476,1.74402012057,110,customer info,client type,1376386907.91
user id,ip address,mac address,6644.50291385,3064.52130137,2.35607007188,146,customer info,client type,1376386908.91
user id,ip address,mac address,1767.37388273,6680.06851288,9.67048995641,69,customer info,client type,1376386909.91
user id,ip address,mac address,3055.92840586,2920.71225649,4.38776116601,51,customer info,client type,1376386910.91
user id,ip address,mac address,2115.88262378,5333.12360251,3.25834740621,32,customer info,client type,1376386911.91
user id,ip address,mac address,5676.49936034,6428.09212963,5.41633972858,68,customer info,client type,1376386912.91
user id,ip address,mac address,5288.46700057,4377.90246233,4.8525761143,79,customer info,client type,1376386913.92
user id,ip address,mac address,3133.10749331,7724.33995314,7.58001224607,94,customer info,client type,1376386914.92
user id,ip address,mac address,1108.06632891,6120.83295887,2.39450253565,67,customer info,client type,1376386915.92
user id,ip address,mac address,4792.26027814,6555.48624206,8.9077550771,7,customer info,client type,1376386916.92
user id,ip address,mac address,5588.92365298,8632.54929297,5.5247407581,70,customer info,client type,1376386917.92
user id,ip address,mac address,6580.02830955,2650.32826386,1.77516683603,35,customer info,client type,1376386918.92
user id,ip address,mac address,9686.99086234,9685.2393749,5.15041625954,39,customer info,client type,1376386919.92
user id,ip address,mac address,1998.15672211,6687.42573581,5.20688134853,96,customer info,client type,1376386920.92
user id,ip address,mac address,2567.20456011,8380.10437064,7.08068262328,55,customer info,client type,1376386921.93
user id,ip address,mac address,9650.96682316,1154.57841711,3.88141360266,146,customer info,client type,1376386922.93
user id,ip address,mac address,5890.32481152,281.199789803,4.26804971678,145,customer info,client type,1376386923.93
user id,ip address,mac address,6186.60953012,4168.44937794,3.85662185403,10,customer info,client type,1376386924.93
user id,ip address,mac address,6876.69930608,3897.13620683,6.81984755803,129,customer info,client type,1376386925.93
user id,ip address,mac address,8950.03383051,9732.43177698,5.98225777555,143,customer info,client type,1376386926.93
user id,ip address,mac address,9513.23679583,3369.13361224,0.821660202914,24,customer info,client type,1376386927.93
user id,ip address,mac address,3866.85844554,2846.7616312,7.3467765811,103,customer info,client type,1376386928.93
user id,ip address,mac address,5327.06974951,9207.45538558,8.07476322407,59,customer info,client type,1376386929.94
user id,ip address,mac address,5328.79717397,5831.42236282,3.00438277938,7,customer info,client type,1376386930.94
user id,ip address,mac address,3208.02511887,7858.61175972,1.65207206546,18,customer info,client type,1376386931.94
user id,ip address,mac address,7624.74763761,6886.40203048,1.2048319662,13,customer info,client type,1376386932.94
user id,ip address,mac address,8540.42109459,90.5267578156,0.32360229766,128,customer info,client type,1376386933.94
user id,ip address,mac address,701.35208141,355.248500992,9.02652889768,7,customer info,client type,1376386934.94
user id,ip address,mac address,6663.37143306,6446.2391881,1.91627728394,59,customer info,client type,1376386935.94
user id,ip address,mac address,1576.73237201,6327.78982455,2.5858927398,92,customer info,client type,1376386936.94
user id,ip address,mac address,7919.59513139,9997.57319687,0.280340382609,91,customer info,client type,1376386937.94
user id,ip address,mac address,4342.55985747,5337.00439247,7.77522069779,2,customer info,client type,1376386938.95
user id,ip address,mac address,9576.18070177,4643.13773071,9.43614562827,95,customer info,client type,1376386939.95
user id,ip address,mac address,4358.6461604,7759.55835068,5.13729938809,48,customer info,client type,1376386940.95
user id,ip address,mac address,9808.25301932,2046.47783031,3.02263676052,17,customer info,client type,1376386941.95
user id,ip address,mac address,8262.6863414,9527.64494575,3.5468956997,143,customer info,client type,1376386942.95
user id,ip address,mac address,4408.28641397,2435.81983503,7.86146208654,88,customer info,client type,1376386943.95
user id,ip address,mac address,6377.63566421,3620.22525137,7.77071175174,104,customer info,client type,1376386944.95
user id,ip address,mac address,7040.20542944,2211.00824734,4.1562684244,138,customer info,client type,1376386945.95
user id,ip address,mac address,9405.8234831,5536.26393304,9.31916090484,30,customer info,client type,1376386946.96
user id,ip address,mac address,8505.6113612,8504.62371203,2.85951403672,149,customer info,client type,1376386947.96
user id,ip address,mac address,488.332884482,7339.64793999,2.06853448075,99,customer info,client type,1376386948.96
user id,ip address,mac address,9859.34766204,3262.64079458,8.22577575324,147,customer info,client type,1376386949.96
user id,ip address,mac address,5982.03674348,6146.61789777,0.214073657952,11,customer info,client type,1376386950.96
user id,ip address,mac address,6709.83793561,6437.3028159,0.00394059293406,54,customer info,client type,1376386951.96
user id,ip address,mac address,9150.76131484,8012.81427769,0.836655490681,3,customer info,client type,1376386952.96
user id,ip address,mac address,7863.84485499,5044.76803332,6.30745690355,91,customer info,client type,1376386953.96
user id,ip address,mac address,7989.41263348,4468.67802591,1.6132183522,142,customer info,client type,1376386954.97
user id,ip address,mac address,1108.49984362,4090.14948178,0.624816686067,113,customer info,client type,1376386955.97
user id,ip address,mac address,18.5531056748,9553.58908883,1.76423816195,11,customer info,client type,1376386956.97
user id,ip address,mac address,4129.07356747,1939.01100764,9.44344154375,25,customer info,client type,1376386957.97
user id,ip address,mac address,2690.78760347,2089.86903657,7.043682749,140,customer info,client type,1376386958.97
user id,ip address,mac address,762.308812924,3759.4867323,2.51951727362,124,customer info,client type,1376386959.97
user id,ip address,mac address,6200.90517162,9687.51785973,4.94443765632,119,customer info,client type,1376386960.97
user id,ip address,mac address,4827.8980831,7940.41680943,6.2745010928,46,customer info,client type,1376386961.98
user id,ip address,mac address,9496.44908154,9016.07652631,6.61803297665,112,customer info,client type,1376386962.98
user id,ip address,mac address,2802.07052997,2961.08196237,1.68980223024,28,customer info,client type,1376386963.98
user id,ip address,mac address,2453.80613848,8926.92001388,1.5941471226,61,customer info,client type,1376386964.98
user id,ip address,mac address,1615.50927917,3512.53400998,2.21416580921,72,customer info,client type,1376386965.98
user id,ip address,mac address,4292.84744107,4493.36090541,2.0713309529,104,customer info,client type,1376386966.98
user id,ip address,mac address,36.0039248302,9440.35722696,7.68920073176,40,customer info,client type,1376386967.98
user id,ip address,mac address,4604.10826879,2740.81278364,4.91454724592,50,customer info,client type,1376386968.99
user id,ip address,mac address,6471.3054531,458.936980309,9.00969516133,5,customer info,client type,1376386969.99
user id,ip address,mac address,5731.50717518,6574.04259645,4.75641782233,45,customer info,client type,1376386970.99
user id,ip address,mac address,8894.78621192,3933.23414513,8.65140853567,69,customer info,client type,1376386971.99
user id,ip address,mac address,7153.47193254,0.318247879508,8.24519727485,70,customer info,client type,1376386972.99
user id,ip address,mac address,3318.91025473,4895.81083862,0.407803198777,120,customer info,client type,1376386973.99
user id,ip address,mac address,1181.62342133,4894.08235162,0.951722159037,45,customer info,client type,1376386974.99
user id,ip address,mac address,1495.58419295,2200.29351709,4.963564118,106,customer info,client type,1376386975.99
user id,ip address,mac address,4524.05929286,53.9277681881,3.53506387827,72,customer info,client type,1376386977.0
user id,ip address,mac address,1365.20845214,1165.41691494,2.93669057669,29,customer info,client type,1376386978.0
user id,ip address,mac address,9410.86865431,2559.62550203,5.93711239445,91,customer info,client type,1376386979.0
user id,ip address,mac address,7584.79044836,8945.50513871,5.90796119664,20,customer info,client type,1376386980.0
user id,ip address,mac address,9162.09176606,9959.84412315,8.81318259545,107,customer info,client type,1376386981.0
user id,ip address,mac address,2088.36982551,4537.01995698,3.55573535052,132,customer info,client type,1376386982.0
user id,ip address,mac address,4734.03558819,1707.33396057,8.10815834644,2,customer info,client type,1376386983.0
user id,ip address,mac address,6094.19676203,3126.71436884,6.35057865578,141,customer info,client type,1376386984.01
user id,ip address,mac address,4218.19252444,6480.25804986,2.61067868829,10,customer info,client type,1376386985.01
user id,ip address,mac address,6280.26577027,9841.29307271,5.34048070324,89,customer info,client type,1376386986.01
user id,ip address,mac address,5878.95346691,5185.25451604,3.63789289032,72,customer info,client type,1376386987.01
user id,ip address,mac address,2278.71476668,2201.0515161,5.76653448062,63,customer info,client type,1376386988.01
user id,ip address,mac address,4226.61483066,6185.54273448,4.07593308386,94,customer info,client type,1376386989.01
user id,ip address,mac address,4359.22727512,2786.80934599,2.19369312706,101,customer info,client type,1376386990.01
user id,ip address,mac address,3263.20551326,8730.43593796,7.75507170004,96,customer info,client type,1376386991.01
user id,ip address,mac address,9884.38210537,6242.99740225,1.28557549527,7,customer info,client type,1376386992.02
user id,ip address,mac address,5415.83391277,3226.93087354,2.13576898812,83,customer info,client type,1376386993.02
user id,ip address,mac address,7985.60547988,7786.42389864,4.04164565194,109,customer info,client type,1376386994.02
user id,ip address,mac address,4357.56169261,348.908169266,6.22869868666,21,customer info,client type,1376386995.02
user id,ip address,mac address,7437.38497609,4767.70632081,2.02537038793,134,customer info,client type,1376386996.02
user id,ip address,mac address,1488.07238419,5449.03499814,9.6988438176,16,customer info,client type,1376386997.02
user id,ip address,mac address,3655.0834535,3880.3450446,3.77090562655,90,customer info,client type,1376386998.02
user id,ip address,mac address,7719.83608586,9348.84789185,3.51599552091,115,customer info,client type,1376386999.03
user id,ip address,mac address,47.1306341559,732.380994096,0.308973520206,143,customer info,client type,1376387000.03
user id,ip address,mac address,3268.48104642,2117.53308397,5.13881858169,110,customer info,client type,1376387001.03
user id,ip address,mac address,1712.26523411,7048.27349643,2.38443938473,12,customer info,client type,1376387002.03
user id,ip address,mac address,5548.89741585,5071.5157819,7.5086578443,83,customer info,client type,1376387003.03
user id,ip address,mac address,3744.11082256,4896.69194062,0.990972610767,71,customer info,client type,1376387004.03
user id,ip address,mac address,9579.1854692,7340.31547591,5.36576384758,143,customer info,client type,1376387005.03
user id,ip address,mac address,7264.93228631,324.795003457,0.74793550299,39,customer info,client type,1376387006.04
user id,ip address,mac address,5840.19026364,9096.14044762,7.96991969741,113,customer info,client type,1376387007.04
user id,ip address,mac address,5363.14578496,4541.81395942,8.59831384118,146,customer info,client type,1376387008.04
user id,ip address,mac address,7964.30149429,4040.37401522,3.50075187088,67,customer info,client type,1376387009.04
user id,ip address,mac address,8115.46418311,5260.77568185,7.71395413837,30,customer info,client type,1376387010.04
user id,ip address,mac address,8682.50713831,5834.45944391,9.98170442552,25,customer info,client type,1376387011.04
user id,ip address,mac address,6717.27423526,8299.29880937,0.215128446658,24,customer info,client type,1376387012.04
user id,ip address,mac address,9652.81422937,4939.83769376,0.484644346336,13,customer info,client type,1376387013.04
user id,ip address,mac address,6609.39086007,9750.23265778,9.50331112848,64,customer info,client type,1376387014.05
user id,ip address,mac address,6883.45486473,8014.74215991,8.74114018708,79,customer info,client type,1376387015.05
user id,ip address,mac address,3022.79270031,7577.97823045,1.22492436579,48,customer info,client type,1376387016.05
user id,ip address,mac address,9916.49114844,5444.67789524,1.95281316917,21,customer info,client type,1376387017.05
user id,ip address,mac address,1525.21524814,7370.29431118,1.37090892879,132,customer info,client type,1376387018.05
user id,ip address,mac address,6896.59484088,5627.67468117,6.40470449972,104,customer info,client type,1376387019.05
user id,ip address,mac address,7350.89143481,3361.72165541,4.67424365399,73,customer info,client type,1376387020.05
user id,ip address,mac address,5330.96841957,5410.26727291,8.76836308552,120,customer info,client type,1376387021.05
user id,ip address,mac address,9000.42546709,102.807873889,7.36724070067,68,customer info,client type,1376387022.06
user id,ip address,mac address,2847.11020899,3761.7432484,9.78450994791,16,customer info,client type,1376387023.06
user id,ip address,mac address,9147.42070636,2774.03712645,4.91359338396,133,customer info,client type,1376387024.06
user id,ip address,mac address,6470.55388889,1297.42780329,4.30864551781,5,customer info,client type,1376387025.06
user id,ip address,mac address,1540.66631575,1333.39879968,1.52835946811,52,customer info,client type,1376387026.06
user id,ip address,mac address,449.030208789,1094.44102382,3.33007960315,100,customer info,client type,1376387027.06
user id,ip address,mac address,3483.27775081,865.778858924,6.99546350978,103,customer info,client type,1376387028.06
user id,ip address,mac address,3961.27167816,5724.56828255,0.272492316767,110,customer info,client type,1376387029.06
user id,ip address,mac address,6268.53690885,2085.41193753,3.55091750778,60,customer info,client type,1376387030.07
user id,ip address,mac address,3608.25583204,2299.25878522,5.45287317401,30,customer info,client type,1376387031.07
user id,ip address,mac address,7641.5928724,5656.87183143,7.48154889979,5,customer info,client type,1376387032.07
user id,ip address,mac address,4282.00675992,4035.73126899,1.53505740322,128,customer info,client type,1376387033.07
user id,ip address,mac address,9751.30487322,6916.19100771,2.81835209809,41,customer info,client type,1376387034.07
user id,ip address,mac address,1750.78240397,4526.23632586,1.33287482996,77,customer info,client type,1376387035.07
user id,ip address,mac address,11.9601915599,5497.9666847,9.9833956489,127,customer info,client type,1376387036.07
user id,ip address,mac address,4120.9899972,4172.17615007,8.18606480316,70,customer info,client type,1376387037.08
user id,ip address,mac address,7508.67373917,514.229930439,1.81417179662,29,customer info,client type,1376387038.08
user id,ip address,mac address,3145.28364138,6605.15311882,0.384716629938,110,customer info,client type,1376387039.08
user id,ip address,mac address,6424.5167048,4435.83796611,5.06155357972,11,customer info,client type,1376387040.08
user id,ip address,mac address,6535.8337836,1731.24168475,8.00041717852,123,customer info,client type,1376387041.08
user id,ip address,mac address,7217.01648753,2313.06866297,0.995268173329,9,customer info,client type,1376387042.08
user id,ip address,mac address,7101.19809509,9406.31647841,4.66819209465,124,customer info,client type,1376387043.08
user id,ip address,mac address,4627.55226625,1130.81817359,7.02396349963,108,customer info,client type,1376387044.08
user id,ip address,mac address,8453.73734174,1485.5858938,5.30997446925,125,customer info,client type,1376387045.09
user id,ip address,mac address,2763.19948463,8470.18080137,5.41372140453,117,customer info,client type,1376387046.09
user id,ip address,mac address,1082.93894483,1676.07705082,0.994790594911,119,customer info,client type,1376387047.09
user id,ip address,mac address,7222.27797139,2592.29492069,8.10882911244,31,customer info,client type,1376387048.09
user id,ip address,mac address,6947.05534741,2814.6531789,6.97713040127,136,customer info,client type,1376387049.09
user id,ip address,mac address,3755.14194382,3386.28477642,8.79716033016,38,customer info,client type,1376387050.09
user id,ip address,mac address,5951.91016531,5972.49086086,7.74841087743,10,customer info,client type,1376387051.09
user id,ip address,mac address,1871.18835404,7455.07119155,5.44052968534,140,customer info,client type,1376387052.1
user id,ip address,mac address,8334.48191566,1674.8087185,2.51037392629,127,customer info,client type,1376387053.1
user id,ip address,mac address,8492.56956265,4713.62645602,2.67856356611,22,customer info,client type,1376387054.1
user id,ip address,mac address,7700.49658866,5139.10331972,5.9721027836,104,customer info,client type,1376387055.1
user id,ip address,mac address,896.417841308,8357.00281034,1.8552033096,79,customer info,client type,1376387056.1
user id,ip address,mac address,815.482447406,1107.95404034,5.68913458847,110,customer info,client type,1376387057.1
user id,ip address,mac address,4481.19910437,7942.23785612,6.69125969925,74,customer info,client type,1376387058.1
user id,ip address,mac address,7985.22198712,2975.31633529,6.8099363377,133,customer info,client type,1376387059.1
user id,ip address,mac address,1044.57793628,5142.60256337,8.04069254848,13,customer info,client type,1376387060.11
user id,ip address,mac address,9091.80323307,4452.74596144,2.85061777965,48,customer info,client type,1376387061.11
user id,ip address,mac address,6972.10766899,7239.71957111,8.80512199044,47,customer info,client type,1376387062.11
user id,ip address,mac address,9574.90203882,772.406811142,0.840960171983,126,customer info,client type,1376387063.11
user id,ip address,mac address,3536.08680947,9523.37020233,8.98300727938,83,customer info,client type,1376387064.11
user id,ip address,mac address,8076.99872858,1479.90845996,9.89124447988,114,customer info,client type,1376387065.11
user id,ip address,mac address,5384.05054893,4756.5133738,5.27875406812,104,customer info,client type,1376387066.11
user id,ip address,mac address,1357.4631851,411.619972044,4.87136912216,100,customer info,client type,1376387067.11
user id,ip address,mac address,727.846164921,1932.97714275,2.76828749018,149,customer info,client type,1376387068.12
user id,ip address,mac address,977.165890509,6206.0760518,1.44427030382,3,customer info,client type,1376387069.12
user id,ip address,mac address,2565.77301134,5622.5912766,0.844187086743,117,customer info,client type,1376387070.12
user id,ip address,mac address,6613.36027824,9974.96813809,3.61743571426,28,customer info,client type,1376387071.12
user id,ip address,mac address,3402.34783255,4962.98131564,3.88889723087,127,customer info,client type,1376387072.12
user id,ip address,mac address,2006.60838812,9239.24985234,3.79443858513,4,customer info,client type,1376387073.12
user id,ip address,mac address,9963.19582913,2687.14993545,5.16630784422,8,customer info,client type,1376387074.12
user id,ip address,mac address,7198.39003247,5936.07235058,8.801895884,1,customer info,client type,1376387075.13
user id,ip address,mac address,9701.65555418,375.818684007,0.42857382652,69,customer info,client type,1376387076.13
user id,ip address,mac address,6849.63722051,4435.98389119,0.306022736006,60,customer info,client type,1376387077.13
user id,ip address,mac address,7741.75591493,9008.16010693,0.463816862919,115,customer info,client type,1376387078.13
user id,ip address,mac address,958.853750553,8425.68727885,1.02499860724,106,customer info,client type,1376387079.13
user id,ip address,mac address,1254.13469285,7397.50775125,0.28508999203,74,customer info,client type,1376387080.13
user id,ip address,mac address,9769.89778721,2484.25378897,4.72098923363,60,customer info,client type,1376387081.13
user id,ip address,mac address,749.032505902,2554.55538624,4.1966977293,100,customer info,client type,1376387082.13
user id,ip address,mac address,8504.41179632,6061.35838853,9.97853978589,73,customer info,client type,1376387083.14
user id,ip address,mac address,5073.18932285,804.012497476,4.09288296495,0,customer info,client type,1376387084.14
user id,ip address,mac address,7870.8938784,3499.21061012,3.39679664142,102,customer info,client type,1376387085.14
user id,ip address,mac address,1418.45293939,5068.6029901,7.38499072207,142,customer info,client type,1376387086.14
user id,ip address,mac address,3587.52075706,9392.06525865,7.74179832344,132,customer info,client type,1376387087.14
user id,ip address,mac address,730.115352953,1667.60007846,4.8819700169,48,customer info,client type,1376387088.14
user id,ip address,mac address,9911.12771016,1312.90834089,9.72886911392,93,customer info,client type,1376387089.14
user id,ip address,mac address,684.437762727,3830.60170578,9.27379144177,136,customer info,client type,1376387090.15
user id,ip address,mac address,8754.45559634,9526.35362583,7.71478776835,23,customer info,client type,1376387091.15
user id,ip address,mac address,5481.88611039,3652.93855938,5.16944757466,123,customer info,client type,1376387092.15
user id,ip address,mac address,5565.9702679,5552.16316094,6.49521702521,48,customer info,client type,1376387093.15
user id,ip address,mac address,1805.17258298,2331.62354429,5.38955884346,58,customer info,client type,1376387094.15
user id,ip address,mac address,2948.12711387,6354.61121222,7.36250402738,99,customer info,client type,1376387095.15
user id,ip address,mac address,9328.5384886,5604.39376512,9.59642077434,37,customer info,client type,1376387096.15
user id,ip address,mac address,4898.54467767,2027.89922058,4.47507640237,135,customer info,client type,1376387097.15
user id,ip address,mac address,3655.59922091,2589.11096947,5.57604218911,53,customer info,client type,1376387098.16
user id,ip address,mac address,8757.98797913,1373.68266825,6.33404543833,39,customer info,client type,1376387099.16
user id,ip address,mac address,1177.25733257,1014.22078845,1.10945521976,21,customer info,client type,1376387100.16
user id,ip address,mac address,6855.48931228,2059.37599454,4.73714968041,9,customer info,client type,1376387101.16
user id,ip address,mac address,6492.97960072,7938.71959431,7.66615857154,114,customer info,client type,1376387102.16
user id,ip address,mac address,586.387024857,5679.95033045,4.90198609388,135,customer info,client type,1376387103.16
user id,ip address,mac address,5098.92628829,3008.23210196,1.1004923413,28,customer info,client type,1376387104.16
user id,ip address,mac address,6779.20685171,4142.01337595,7.57721689525,64,customer info,client type,1376387105.16
user id,ip address,mac address,5847.5523714,233.015498629,5.77722442741,145,customer info,client type,1376387106.17
user id,ip address,mac address,426.024608331,6642.43105502,0.658588183408,125,customer info,client type,1376387107.17
user id,ip address,mac address,8184.58193494,5175.46448052,1.76442268265,46,customer info,client type,1376387108.17
user id,ip address,mac address,3913.24256463,6470.04273585,4.61653561987,9,customer info,client type,1376387109.17
user id,ip address,mac address,2104.72230833,1593.20035826,2.11113777277,66,customer info,client type,1376387110.17
user id,ip address,mac address,203.777188657,3500.5767481,6.52224342774,45,customer info,client type,1376387111.17
user id,ip address,mac address,45.0926211922,1446.03277167,7.50231113889,67,customer info,client type,1376387112.17
user id,ip address,mac address,6109.24421297,3778.40966511,6.89898912734,65,customer info,client type,1376387113.18
user id,ip address,mac address,7196.27787523,6866.55734945,4.93397100371,144,customer info,client type,1376387114.18
user id,ip address,mac address,9539.26114858,3159.89455034,2.10995052112,100,customer info,client type,1376387115.18
user id,ip address,mac address,8564.71165336,9575.41005438,9.68587718889,55,customer info,client type,1376387116.18
user id,ip address,mac address,5623.43095509,6528.70987603,0.547077244173,58,customer info,client type,1376387117.18
user id,ip address,mac address,1693.01275719,4338.25713441,4.38784813374,89,customer info,client type,1376387118.18
user id,ip address,mac address,5229.50856362,2277.7054362,3.1807040776,42,customer info,client type,1376387119.18
user id,ip address,mac address,3993.52416772,3264.01569193,0.769152287867,40,customer info,client type,1376387120.18
user id,ip address,mac address,5729.91118709,5151.25695389,8.93091158429,125,customer info,client type,1376387121.19
user id,ip address,mac address,4442.30782223,8173.67462047,2.51423664934,52,customer info,client type,1376387122.19
user id,ip address,mac address,1167.29867602,5612.63971615,2.30099265325,46,customer info,client type,1376387123.19
user id,ip address,mac address,1105.60744558,4540.68196961,2.21265876556,139,customer info,client type,1376387124.19
user id,ip address,mac address,2979.25743647,127.967323529,1.19223799965,2,customer info,client type,1376387125.19
user id,ip address,mac address,8125.39153299,4991.45120111,1.61867221533,102,customer info,client type,1376387126.19
user id,ip address,mac address,9386.53889916,7996.36071489,5.47594684775,111,customer info,client type,1376387127.19
user id,ip address,mac address,1635.54610996,819.301063966,5.09946173374,143,customer info,client type,1376387128.19
user id,ip address,mac address,4329.84138203,5055.26126848,8.46164848421,11,customer info,client type,1376387129.2
user id,ip address,mac address,8503.26440203,5018.96090458,4.46213162415,142,customer info,client type,1376387130.2
user id,ip address,mac address,4897.84713002,5878.58877665,4.4162025593,134,customer info,client type,1376387131.2
user id,ip address,mac address,5618.69187388,3851.04862158,2.91674431649,111,customer info,client type,1376387132.2
user id,ip address,mac address,7908.8323745,3266.2227759,3.8702142617,84,customer info,client type,1376387133.2
user id,ip address,mac address,4123.37156779,5230.78757072,8.16475122085,75,customer info,client type,1376387134.2
user id,ip address,mac address,4609.79205631,1205.06224983,5.53869587067,100,customer info,client type,1376387135.2
user id,ip address,mac address,7401.66340014,9183.04910277,5.08689102858,127,customer info,client type,1376387136.21
user id,ip address,mac address,8409.14689814,7562.07235845,3.37537708413,80,customer info,client type,1376387137.21
user id,ip address,mac address,4435.42665095,8707.16200867,9.21299576275,50,customer info,client type,1376387138.21
user id,ip address,mac address,9960.29639373,2875.36128229,8.93766336557,122,customer info,client type,1376387139.21
user id,ip address,mac address,747.704661308,2905.11549968,3.31487989002,83,customer info,client type,1376387140.21
user id,ip address,mac address,1519.63402689,9980.60362612,5.59015390196,111,customer info,client type,1376387141.21
user id,ip address,mac address,8136.80259179,5831.21999204,2.88071221499,72,customer info,client type,1376387142.21
user id,ip address,mac address,8657.99934486,2697.36476687,7.55160249211,108,customer info,client type,1376387143.21
user id,ip address,mac address,9358.3311932,8583.51044891,1.38990120787,4,customer info,client type,1376387144.22
user id,ip address,mac address,1578.05695722,2838.92987213,5.55063875408,82,customer info,client type,1376387145.22
user id,ip address,mac address,5943.2933264,17.7884770995,7.23376815199,114,customer info,client type,1376387146.22
user id,ip address,mac address,4158.23966656,7680.64246837,1.16468267904,90,customer info,client type,1376387147.22
user id,ip address,mac address,2783.35267835,9008.66120239,3.16733918843,0,customer info,client type,1376387148.22
user id,ip address,mac address,9384.26369225,2472.55415243,6.21583524298,122,customer info,client type,1376387149.22
user id,ip address,mac address,8797.21577111,8837.62723957,4.5170257588,81,customer info,client type,1376387150.22
user id,ip address,mac address,8748.99604848,4199.57836538,3.84440690736,102,customer info,client type,1376387151.23
user id,ip address,mac address,4293.26489716,5983.94773413,8.88621673588,76,customer info,client type,1376387152.23
user id,ip address,mac address,279.42639716,9759.83852382,8.42551799546,90,customer info,client type,1376387153.23
user id,ip address,mac address,287.26886583,9537.28792739,4.07846201295,104,customer info,client type,1376387154.23
user id,ip address,mac address,8896.56208255,7543.50999769,6.06989619821,93,customer info,client type,1376387155.23
user id,ip address,mac address,9576.49356,4005.6656264,1.20021742515,123,customer info,client type,1376387156.23
user id,ip address,mac address,8356.81531831,7836.82634377,9.9509861091,40,customer info,client type,1376387157.23
user id,ip address,mac address,4424.43388577,7252.31448098,9.06943762512,69,customer info,client type,1376387158.23
user id,ip address,mac address,4844.31450766,9245.27013939,0.333827779248,94,customer info,client type,1376387159.24
user id,ip address,mac address,4839.73725956,8046.96956687,7.36592771556,34,customer info,client type,1376387160.24
user id,ip address,mac address,7964.60844352,5287.06586528,9.36117379844,64,customer info,client type,1376387161.24
user id,ip address,mac address,392.331263833,3185.67899924,6.57873034987,141,customer info,client type,1376387162.24
user id,ip address,mac address,4588.10508325,7498.47246134,9.66175553273,97,customer info,client type,1376387163.24
user id,ip address,mac address,2670.03039401,495.676804405,3.93657544142,144,customer info,client type,1376387164.24
user id,ip address,mac address,7.19261576792,424.289574296,7.41499410517,110,customer info,client type,1376387165.24
user id,ip address,mac address,6460.16213113,3766.81904844,3.41823714245,54,customer info,client type,1376387166.24
user id,ip address,mac address,5145.82982222,798.930518959,1.83830818597,12,customer info,client type,1376387167.25
user id,ip address,mac address,1111.88664234,6616.47643312,7.52149193484,63,customer info,client type,1376387168.25
user id,ip address,mac address,8501.09660035,869.667900868,1.1457272149,0,customer info,client type,1376387169.25
user id,ip address,mac address,4056.24119765,6995.77769736,4.70325422644,91,customer info,client type,1376387170.25
user id,ip address,mac address,1603.62754368,9639.42575532,7.6110099511,128,customer info,client type,1376387171.25
user id,ip address,mac address,5723.57837158,1551.34750062,6.33270466949,3,customer info,client type,1376387172.25
user id,ip address,mac address,7981.34211484,8985.71840423,1.14062898351,22,customer info,client type,1376387173.25
user id,ip address,mac address,7543.85530902,5109.09240986,4.85945042556,65,customer info,client type,1376387174.26
user id,ip address,mac address,7269.79088272,9280.64028155,1.62632999106,72,customer info,client type,1376387175.26
user id,ip address,mac address,2781.28235093,7099.56991498,5.16382992691,79,customer info,client type,1376387176.26
user id,ip address,mac address,5464.59740428,1120.12961105,4.7572122744,45,customer info,client type,1376387177.26
user id,ip address,mac address,6818.90654339,7517.19914047,5.40500873699,118,customer info,client type,1376387178.26
user id,ip address,mac address,6142.40859312,8718.71817966,4.46353079584,44,customer info,client type,1376387179.26
user id,ip address,mac address,9191.88899475,3563.6630443,1.14617949587,12,customer info,client type,1376387180.26
user id,ip address,mac address,6300.3753515,4757.5714781,4.39605397162,119,customer info,client type,1376387181.27
user id,ip address,mac address,6235.0248688,3692.70465239,2.18779088444,108,customer info,client type,1376387182.27
user id,ip address,mac address,3043.75727202,1318.85775645,9.75342920003,49,customer info,client type,1376387183.27
user id,ip address,mac address,3089.86182208,753.896785248,7.39592607072,69,customer info,client type,1376387184.27
user id,ip address,mac address,215.059021294,6794.36736466,1.3398213596,107,customer info,client type,1376387185.27
user id,ip address,mac address,9009.93365319,9421.76281487,3.80432937325,90,customer info,client type,1376387186.27
user id,ip address,mac address,5178.16243189,6569.46212391,6.85068984666,42,customer info,client type,1376387187.27
user id,ip address,mac address,6693.91491015,8615.17693454,7.67421143537,79,customer info,client type,1376387188.28
user id,ip address,mac address,9554.85805956,244.225866375,2.59269654703,24,customer info,client type,1376387189.28
user id,ip address,mac address,3107.08686464,571.406237584,8.22387654945,114,customer info,client type,1376387190.28
user id,ip address,mac address,1938.95152094,5704.63176143,2.02243305821,128,customer info,client type,1376387191.28
user id,ip address,mac address,3602.08753938,2524.56982471,2.60099073358,111,customer info,client type,1376387192.28
user id,ip address,mac address,9676.5090957,3907.83210156,6.02573236316,78,customer info,client type,1376387193.28
user id,ip address,mac address,4952.78840449,3160.84067864,1.8258740469,74,customer info,client type,1376387194.28
user id,ip address,mac address,2736.47608757,8082.49591218,8.4427304339,74,customer info,client type,1376387195.28
user id,ip address,mac address,521.060481916,6532.19008226,1.94124716049,143,customer info,client type,1376387196.29
user id,ip address,mac address,9533.24617844,1548.83413013,3.22369798481,114,customer info,client type,1376387197.29
user id,ip address,mac address,592.50549273,1850.73785541,1.71505494202,28,customer info,client type,1376387198.29
user id,ip address,mac address,3486.22510727,2871.7724626,7.42093440624,149,customer info,client type,1376387199.29
user id,ip address,mac address,2660.06594728,8625.53252017,0.07412065185,108,customer info,client type,1376387200.29
user id,ip address,mac address,9073.41199389,1073.55141921,5.90590936309,33,customer info,client type,1376387201.29
user id,ip address,mac address,7067.55977222,6740.53850301,5.68796250911,26,customer info,client type,1376387202.29
user id,ip address,mac address,7270.59643458,2563.3467639,2.04458956907,62,customer info,client type,1376387203.3
user id,ip address,mac address,9994.29536521,1860.02923467,7.6942601907,125,customer info,client type,1376387204.3
user id,ip address,mac address,1532.3327281,789.742550056,8.87996825668,67,customer info,client type,1376387205.3
user id,ip address,mac address,9928.94733921,9796.87238879,8.7573402207,10,customer info,client type,1376387206.3
user id,ip address,mac address,5111.4214961,5087.67557724,9.29965454854,72,customer info,client type,1376387207.3
user id,ip address,mac address,2845.78947541,4809.81008785,0.287928097552,99,customer info,client type,1376387208.3
user id,ip address,mac address,7769.4651306,7346.40169281,5.38566991966,72,customer info,client type,1376387209.3
user id,ip address,mac address,8786.44808148,720.50549514,1.88353727668,6,customer info,client type,1376387210.3
user id,ip address,mac address,7643.17387999,1064.2705266,8.98770933517,79,customer info,client type,1376387211.31
user id,ip address,mac address,119.87806925,9692.56151066,5.85571199901,137,customer info,client type,1376387212.31
user id,ip address,mac address,8772.87583957,5363.83461268,1.19561899122,28,customer info,client type,1376387213.31
user id,ip address,mac address,8456.34387792,2218.25125797,6.21174021299,5,customer info,client type,1376387214.31
user id,ip address,mac address,9441.37805746,4916.053407,5.6407483381,139,customer info,client type,1376387215.31
user id,ip address,mac address,695.155938985,9942.66929481,5.9926980815,99,customer info,client type,1376387216.31
user id,ip address,mac address,6035.4580509,1096.73508389,4.2878334762,127,customer info,client type,1376387217.31
user id,ip address,mac address,2156.29509045,5700.43316243,7.42837772468,103,customer info,client type,1376387218.32
user id,ip address,mac address,213.860767988,344.023921855,7.57198859597,48,customer info,client type,1376387219.32
user id,ip address,mac address,8643.56370425,425.06443125,0.0514013984402,104,customer info,client type,1376387220.32
user id,ip address,mac address,9666.75276909,5271.81241645,6.87442491972,113,customer info,client type,1376387221.32
user id,ip address,mac address,7770.95708998,4930.43285697,0.0257797675997,38,customer info,client type,1376387222.32
user id,ip address,mac address,76.3830267363,6501.89229484,4.36943835431,15,customer info,client type,1376387223.32
user id,ip address,mac address,8221.6030388,6954.49146422,2.07372617635,73,customer info,client type,1376387224.32
user id,ip address,mac address,3893.55176561,4223.24574964,6.98122803492,35,customer info,client type,1376387225.33
user id,ip address,mac address,1068.49248984,1189.96529336,4.72184595039,0,customer info,client type,1376387226.33
user id,ip address,mac address,9330.4646481,9865.98407596,8.87852839899,23,customer info,client type,1376387227.33
user id,ip address,mac address,6375.27555761,2702.21054498,7.23784842799,46,customer info,client type,1376387228.33
user id,ip address,mac address,3215.16042615,5664.12297724,7.60413611012,90,customer info,client type,1376387229.33
user id,ip address,mac address,7066.21800396,7714.6649402,4.6347565655,1,customer info,client type,1376387230.33
user id,ip address,mac address,3203.03332167,4945.6108972,0.635283753478,104,customer info,client type,1376387231.33
user id,ip address,mac address,3756.03179866,6479.2385513,3.79462337686,47,customer info,client type,1376387232.33
user id,ip address,mac address,224.48981941,6245.27601184,5.07983284193,47,customer info,client type,1376387233.34
user id,ip address,mac address,4836.98727312,2535.638792,4.55731271595,74,customer info,client type,1376387234.34
user id,ip address,mac address,6387.68785802,9263.27937399,6.67655182031,94,customer info,client type,1376387235.34
user id,ip address,mac address,4875.97128458,147.05911302,3.55950739386,87,customer info,client type,1376387236.34
user id,ip address,mac address,9845.52748758,5941.57780266,4.24699368238,133,customer info,client type,1376387237.34
user id,ip address,mac address,4076.23214956,4512.61610483,3.64319561369,38,customer info,client type,1376387238.34
user id,ip address,mac address,1149.02163713,1423.03833464,7.45218053641,72,customer info,client type,1376387239.34
user id,ip address,mac address,9905.62526076,5770.93695135,2.28133708421,82,customer info,client type,1376387240.35
user id,ip address,mac address,1389.68788861,6399.70132094,6.67821414106,106,customer info,client type,1376387241.35
user id,ip address,mac address,1545.66916353,7623.4850691,5.67954912848,7,customer info,client type,1376387242.35
user id,ip address,mac address,3873.87918443,7535.70612422,6.85707885393,106,customer info,client type,1376387243.35
user id,ip address,mac address,8276.09420833,5652.43148287,3.39174304222,98,customer info,client type,1376387244.35
user id,ip address,mac address,5381.31214834,6317.03298387,4.67966357498,118,customer info,client type,1376387245.35
user id,ip address,mac address,2061.3805014,2506.14987916,9.28444718256,3,customer info,client type,1376387246.35
user id,ip address,mac address,6630.54067771,7646.0958542,9.5114901049,79,customer info,client type,1376387247.35
user id,ip address,mac address,7267.64682979,6203.78495373,7.50670542686,40,customer info,client type,1376387248.36
user id,ip address,mac address,6094.91277228,5155.31408525,9.68441887354,67,customer info,client type,1376387249.36
user id,ip address,mac address,7664.54125109,7725.7711458,1.91985232454,53,customer info,client type,1376387250.36
user id,ip address,mac address,9084.60553778,2176.00697662,3.23384313613,56,customer info,client type,1376387251.36
user id,ip address,mac address,623.491476168,520.358662657,7.02609171172,131,customer info,client type,1376387252.36
user id,ip address,mac address,6441.23941186,5287.57063041,6.59102351994,59,customer info,client type,1376387253.36
user id,ip address,mac address,5644.31871475,1915.9191615,4.13499428116,46,customer info,client type,1376387254.36
user id,ip address,mac address,6926.41295388,5718.43527908,8.90937213966,2,customer info,client type,1376387255.36
user id,ip address,mac address,8940.33914232,1820.13219964,1.17363067762,52,customer info,client type,1376387256.37
user id,ip address,mac address,9279.0781351,7647.88876431,3.19116190495,57,customer info,client type,1376387257.37
user id,ip address,mac address,6131.77753163,7778.5611996,8.44245553248,95,customer info,client type,1376387258.37
user id,ip address,mac address,9106.90610021,8298.62959577,0.953941334325,132,customer info,client type,1376387259.37
user id,ip address,mac address,6338.26991721,1832.65207967,4.05827781306,32,customer info,client type,1376387260.37
user id,ip address,mac address,9424.9410714,139.164879707,8.8260134532,88,customer info,client type,1376387261.37
user id,ip address,mac address,1112.48122116,3718.34402784,9.68145473277,58,customer info,client type,1376387262.37
user id,ip address,mac address,992.882036895,445.583443983,3.69743049736,36,customer info,client type,1376387263.38
user id,ip address,mac address,4963.87989125,9013.01444391,7.35162920241,12,customer info,client type,1376387264.38
user id,ip address,mac address,2075.61223527,9823.30444186,1.3218896067,123,customer info,client type,1376387265.38
user id,ip address,mac address,1997.77091256,661.65006343,1.24668690579,138,customer info,client type,1376387266.38
user id,ip address,mac address,5470.03810042,9916.44474846,2.28078733568,92,customer info,client type,1376387267.38
user id,ip address,mac address,377.566748754,6980.85850376,0.231582155135,55,customer info,client type,1376387268.38
user id,ip address,mac address,4703.3528823,939.407783503,8.11701307422,22,customer info,client type,1376387269.38
user id,ip address,mac address,4563.06177146,4560.22989432,4.7544286262,51,customer info,client type,1376387270.38
user id,ip address,mac address,7045.00814285,8090.37429024,1.73561603442,29,customer info,client type,1376387271.39
user id,ip address,mac address,5549.25439159,2714.62492394,6.90635036353,45,customer info,client type,1376387272.39
user id,ip address,mac address,6969.95984858,6238.50164465,5.12275636957,16,customer info,client type,1376387273.39
user id,ip address,mac address,7886.15321898,4425.25309348,7.72235342688,68,customer info,client type,1376387274.39
user id,ip address,mac address,4323.75359574,7248.79282832,3.96855196734,49,customer info,client type,1376387275.39
user id,ip address,mac address,4239.88725087,3069.32390049,4.85925250498,106,customer info,client type,1376387276.39
